-- Inserting demo data into tables.
-- All data has been planned to satisfy relationships

-- LEVEL 1 TABLES

-- parties
SET IDENTITY_INSERT parties ON
INSERT INTO parties(party_id,firstname,lastname) VALUES
 (1101,'John','Doe')
,(1102,'Jane','Smith')
,(1103,'Michael','Johnson')
,(1104,'Sarah','Williams')
,(1105,'David','Brown')
,(1106,'Jake','Hunt')
,(1107,'George','Smith')
,(1108,'Michael','Jorry')
,(1109,'Emily','Williams');
SET IDENTITY_INSERT parties OFF


-- comms
SET IDENTITY_INSERT comms ON
INSERT INTO comms(comms_id,phone,email) VALUES
 (1201,'555-1234','johndoe@example.com')
,(1202,'555-5678','janesmith@example.com')
,(1203,'555-9012','mjohnson@example.com')
,(1204,'555-3456','swilliams@example.com')
,(1205,'555-7890','davidbrown@example.com')
,(1206,'1234567890','jake@example.com')
,(1207,'9876543210','george@example.com')
,(1208,'5555555555','michael@example.com')
,(1209,'1111111111','emily@example.com');
SET IDENTITY_INSERT comms OFF

-- countries
SET IDENTITY_INSERT countries ON
INSERT INTO countries(country_id,name,code) VALUES
 (1301,'New Zealand','NZ');
 SET IDENTITY_INSERT countries OFF

 -- states
SET IDENTITY_INSERT states ON
INSERT INTO states(state_id,name,country_id) VALUES
 (1401,'Auckland',1301);
SET IDENTITY_INSERT states OFF

-- ingredients
SET IDENTITY_INSERT ingredients ON
INSERT INTO ingredients(ing_id,name,purch_unit,recipe_unit,unit_dim) VALUES
 (1801,'Dough',1000,1,'weight')
,(1802,'Tomato sauce',1000,1,'volume')
,(1803,'Mozzarella cheese',1000,1,'weight')
,(1804,'Pepperoni',1000,1,'weight')
,(1805,'Sausage',1000,1,'weight')
,(1806,'Bacon',1000,1,'weight')
,(1807,'Curly fries',1000,1,'weight')
,(1808,'Salt',1000,1,'weight')
,(1809,'Oil',1000,1,'volume')
,(1810,'Coca Cola S',30,1,'units')
,(1811,'Coca Cola L',30,1,'units');
SET IDENTITY_INSERT ingredients OFF

-- shifts
SET IDENTITY_INSERT shifts ON
INSERT INTO shifts (shift_id,start_time,end_time) VALUES
(1501,'16:00:00','23:00:00')
SET IDENTITY_INSERT shifts OFF

-- sizes
SET IDENTITY_INSERT sizes ON
INSERT INTO sizes (size_id,name) VALUES
(1601,'small'),
(1602,'regular'),
(1603,'large')
SET IDENTITY_INSERT sizes OFF

--categories
SET IDENTITY_INSERT categories ON
INSERT INTO categories (cat_id,name) VALUES
(1701,'pizza'),
(1702,'appetizer'),
(1703,'beverage')
SET IDENTITY_INSERT categories OFF



-- LEVEL 2 TABLES

-- adds
SET IDENTITY_INSERT adds ON
INSERT INTO adds(add_id,add1,add2,suburb,state_id,country_id,zipcode) VALUES
 (2101,'123 Main St',NULL,'Avondale',1401,1301,10001)
,(2102,'456 Elm St',NULL,'Glen Eden',1401,1301,90001)
,(2103,'789 Oak St',NULL,'New Lynn',1401,1301,60007)
,(2104,'321 Pine St',NULL,'Henderson',1401,1301,77002)
,(2105,'654 Maple St',NULL,'Glen Innes',1401,1301,33101)
,(2106,'123 Main St',NULL,'Avondale',1401,1301,10001)
,(2107,'456 Elm St',NULL,'Epsom',1401,1301,90001)
,(2108,'789 Oak Ave',NULL,'New Lynn',1401,1301,60601)
,(2109,'111 Pine St',NULL,'Grafton',1401,1301,77001);
SET IDENTITY_INSERT adds OFF

-- rotations
SET IDENTITY_INSERT rotations ON
INSERT INTO rotations(rota_id,date,shift_id) VALUES
 (2201,'2023-05-22',1501)
,(2202,'2023-05-23',1501)
,(2203,'2023-05-24',1501)
,(2204,'2023-05-25',1501)
,(2205,'2023-05-26',1501)
,(2206,'2023-05-27',1501)
,(2207,'2023-05-28',1501);
SET IDENTITY_INSERT rotations OFF

-- items
SET IDENTITY_INSERT items ON
INSERT INTO items(item_id,sku,name,cat_id,size_id,price) VALUES
 (2301,'GRT458968','Meat Lovers Pizza',1701,1602,13.69)
,(2302,'HJD145337','Meat Lovers Pizza',1701,1603,19.99)
,(2303,'OPD563355','Curly Fries',1702,1601,3.99)
,(2304,'POJ788945','Curly Fries',1702,1602,5.99)
,(2305,'ALP123877','Coke',1703,1602,2.99)
,(2306,'MJF457867','Coke',1703,1603,4.99);
SET IDENTITY_INSERT items OFF

-- LEVEL 3 TABLES

-- recipes
SET IDENTITY_INSERT recipes ON
INSERT INTO recipes(row_id,item_id,ing_id,quantity) VALUES
 (3101,2301,1801,300)
,(3102,2301,1802,100)
,(3103,2301,1803,200)
,(3104,2301,1804,60)
,(3105,2301,1805,40)
,(3106,2301,1806,40)
,(3107,2302,1801,400)
,(3108,2302,1802,150)
,(3109,2302,1803,300)
,(3110,2302,1804,100)
,(3111,2302,1805,60)
,(3112,2302,1806,60)
,(3113,2303,1807,200)
,(3114,2303,1808,5)
,(3115,2303,1809,20)
,(3116,2304,1807,300)
,(3117,2304,1808,7)
,(3118,2304,1809,40)
,(3119,2305,1810,1)
,(3120,2306,1811,1);
SET IDENTITY_INSERT recipes OFF


-- order_customers
SET IDENTITY_INSERT order_customers ON
INSERT INTO order_customers(order_id,rota_id,created_at,party_id,comms_id,add_id,delivery) VALUES
 (3501,2201,'2023-05-22 16:35:22',1108,1208,2108,1)
,(3502,2201,'2023-05-22 17:45:54',1107,1207,2107,0)
,(3503,2201,'2023-05-22 20:42:33',1109,1209,2109,1)
,(3504,2201,'2023-05-22 22:48:11',1109,1209,2109,0)
,(3505,2202,'2023-05-23 16:18:34',1107,1207,2107,1)
,(3506,2202,'2023-05-23 16:25:46',1108,1208,2108,0)
,(3507,2202,'2023-05-23 17:05:12',1108,1208,2108,1)
,(3508,2202,'2023-05-23 18:36:57',1109,1209,2109,0)
,(3509,2202,'2023-05-23 19:12:08',1107,1207,2107,0)
,(3510,2202,'2023-05-23 20:41:29',1109,1209,2109,1)
,(3511,2202,'2023-05-23 21:22:15',1108,1208,2108,0)
,(3512,2202,'2023-05-23 22:52:03',1107,1207,2107,0)
,(3513,2203,'2023-05-24 16:12:45',1109,1209,2109,0)
,(3514,2203,'2023-05-24 17:08:33',1108,1208,2108,1)
,(3515,2203,'2023-05-24 18:25:52',1108,1208,2108,1)
,(3516,2203,'2023-05-24 19:09:17',1107,1207,2107,0)
,(3517,2203,'2023-05-24 20:37:29',1107,1207,2107,0)
,(3518,2203,'2023-05-24 21:55:14',1109,1209,2109,0)
,(3519,2204,'2023-05-25 17:21:09',1107,1207,2107,0)
,(3520,2204,'2023-05-25 19:36:55',1107,1207,2107,0)
,(3521,2204,'2023-05-25 20:45:23',1108,1208,2108,1)
,(3522,2205,'2023-05-26 17:12:35',1109,1209,2109,1)
,(3523,2205,'2023-05-26 18:27:46',1108,1208,2108,1)
,(3524,2205,'2023-05-26 19:08:57',1107,1207,2107,0)
,(3525,2205,'2023-05-26 20:45:21',1109,1209,2109,1)
,(3526,2206,'2023-05-27 16:15:23',1107,1207,2107,0)
,(3527,2206,'2023-05-27 17:22:40',1109,1209,2109,0)
,(3528,2206,'2023-05-27 18:06:17',1108,1208,2108,1)
,(3529,2206,'2023-05-27 19:45:08',1109,1209,2109,0)
,(3530,2206,'2023-05-27 21:03:56',1107,1207,2107,1)
,(3531,2207,'2023-05-28 16:12:45',1109,1209,2109,0)
,(3532,2207,'2023-05-28 17:08:33',1108,1208,2108,1)
,(3533,2207,'2023-05-28 18:25:52',1107,1207,2107,0)
,(3534,2207,'2023-05-28 19:09:17',1109,1209,2109,1)
,(3535,2207,'2023-05-28 20:37:29',1107,1207,2107,1);
SET IDENTITY_INSERT order_customers OFF

-- staff
SET IDENTITY_INSERT staff ON
INSERT INTO staff (staff_id,party_id,comms_id,add_id,position,hourly_rate) VALUES
(3201,1101,1201,2101,'Chef',30),
(3202,1102,1202,2102,'Cook',45)
SET IDENTITY_INSERT staff OFF

-- vendors
SET IDENTITY_INSERT vendors ON
INSERT INTO vendors (vend_id,party_id,comms_id,add_id) VALUES
(3301,1103,1203,2103),
(3302,1104,1204,2104)
SET IDENTITY_INSERT vendors OFF

-- manufacturers
SET IDENTITY_INSERT manufacturers ON
INSERT INTO manufacturers (manu_id,party_id,comms_id,add_id) VALUES
(3401,1105,1205,2105),
(3402,1106,1206,2106)
SET IDENTITY_INSERT manufacturers OFF


-- LEVEL 4 TABLES

-- order_items
SET IDENTITY_INSERT order_items ON
INSERT INTO order_items(row_id,order_id,item_id,quantity) VALUES
 (41001,3501,2301,2)
,(41002,3501,2303,3)
,(41003,3501,2305,1)
,(41004,3502,2302,3)
,(41005,3502,2304,1)
,(41006,3502,2305,2)
,(41007,3502,2306,1)
,(41008,3503,2301,1)
,(41009,3503,2303,2)
,(41010,3503,2304,3)
,(41011,3504,2302,1)
,(41012,3504,2303,3)
,(41013,3504,2304,2)
,(41014,3504,2305,1)
,(41015,3505,2301,3)
,(41016,3505,2302,1)
,(41017,3505,2303,2)
,(41018,3505,2304,3)
,(41019,3506,2301,2)
,(41020,3506,2302,1)
,(41021,3506,2304,2)
,(41022,3506,2305,1)
,(41023,3507,2301,3)
,(41024,3507,2302,2)
,(41025,3507,2303,1)
,(41026,3507,2304,3)
,(41027,3508,2301,1)
,(41028,3508,2303,2)
,(41029,3508,2304,1)
,(41030,3509,2302,3)
,(41031,3509,2304,2)
,(41032,3509,2305,1)
,(41033,3510,2301,3)
,(41034,3510,2302,1)
,(41035,3510,2303,2)
,(41036,3510,2304,3)
,(41037,3511,2301,1)
,(41038,3511,2303,2)
,(41039,3511,2305,3)
,(41040,3511,2306,1)
,(41041,3512,2302,2)
,(41042,3512,2303,3)
,(41043,3512,2304,1)
,(41044,3512,2305,2)
,(41045,3513,2301,3)
,(41046,3513,2302,1)
,(41047,3513,2303,2)
,(41048,3513,2304,3)
,(41049,3514,2301,2)
,(41050,3514,2302,1)
,(41051,3514,2304,2)
,(41052,3514,2305,1)
,(41053,3515,2301,3)
,(41054,3515,2302,2)
,(41055,3515,2303,1)
,(41056,3515,2304,3)
,(41057,3516,2301,1)
,(41058,3516,2303,2)
,(41059,3516,2304,1)
,(41060,3517,2302,3)
,(41061,3517,2304,2)
,(41062,3517,2305,1)
,(41063,3518,2301,3)
,(41064,3518,2302,1)
,(41065,3518,2303,2)
,(41066,3518,2304,3)
,(41067,3519,2301,2)
,(41068,3519,2303,1)
,(41069,3519,2304,2)
,(41070,3519,2305,1)
,(41071,3520,2301,3)
,(41072,3520,2302,2)
,(41073,3520,2303,1)
,(41074,3520,2304,3)
,(41075,3521,2301,1)
,(41076,3521,2302,2)
,(41077,3521,2304,3)
,(41078,3521,2305,1)
,(41079,3522,2301,2)
,(41080,3522,2302,1)
,(41081,3522,2303,2)
,(41082,3522,2304,3)
,(41083,3523,2302,1)
,(41084,3523,2303,2)
,(41085,3523,2304,1)
,(41086,3523,2305,3)
,(41087,3524,2301,2)
,(41088,3524,2303,1)
,(41089,3524,2304,2)
,(41090,3525,2301,3)
,(41091,3525,2302,2)
,(41092,3525,2303,1)
,(41093,3525,2304,3)
,(41094,3526,2301,1)
,(41095,3526,2303,2)
,(41096,3526,2304,1)
,(41097,3526,2305,2)
,(41098,3527,2302,3)
,(41099,3527,2303,2)
,(41100,3527,2305,1)
,(41101,3528,2301,3)
,(41102,3528,2302,1)
,(41103,3528,2303,2)
,(41104,3528,2304,3)
,(41105,3529,2301,2)
,(41106,3529,2302,1)
,(41107,3529,2304,2)
,(41108,3529,2305,1)
,(41109,3530,2301,3)
,(41110,3530,2302,2)
,(41111,3530,2303,1)
,(41112,3530,2304,3)
,(41113,3521,2301,1)
,(41114,3521,2302,2)
,(41115,3521,2304,3)
,(41116,3521,2305,1)
,(41117,3522,2301,2)
,(41118,3522,2302,1)
,(41119,3522,2303,2)
,(41120,3522,2304,3)
,(41121,3523,2302,1)
,(41122,3523,2303,2)
,(41123,3523,2304,1)
,(41124,3523,2305,3)
,(41125,3524,2301,2)
,(41126,3524,2303,1)
,(41127,3524,2304,2)
,(41128,3525,2301,3)
,(41129,3525,2302,2)
,(41130,3525,2303,1)
,(41131,3525,2304,3)
,(41132,3526,2301,1)
,(41133,3526,2303,2)
,(41134,3526,2304,1)
,(41135,3526,2305,2)
,(41136,3527,2302,3)
,(41137,3527,2303,2)
,(41138,3527,2305,1)
,(41139,3528,2301,3)
,(41140,3528,2302,1)
,(41141,3528,2303,2)
,(41142,3528,2304,3)
,(41143,3529,2301,2)
,(41144,3529,2302,1)
,(41145,3529,2304,2)
,(41146,3529,2305,1)
,(41147,3530,2301,3)
,(41148,3530,2302,2)
,(41149,3530,2303,1)
,(41150,3530,2304,3)
,(41151,3531,2301,1)
,(41152,3531,2302,2)
,(41153,3531,2304,3)
,(41154,3531,2305,1)
,(41155,3532,2301,2)
,(41156,3532,2302,1)
,(41157,3532,2303,2)
,(41158,3532,2304,3)
,(41159,3533,2302,1)
,(41160,3533,2303,2)
,(41161,3533,2304,1)
,(41162,3533,2305,3)
,(41163,3534,2301,2)
,(41164,3534,2303,1)
,(41165,3534,2304,2)
,(41166,3535,2301,3)
,(41167,3535,2302,2)
,(41168,3535,2303,1)
,(41169,3535,2304,3);
SET IDENTITY_INSERT order_items OFF

-- worklog
SET IDENTITY_INSERT worklog ON
INSERT INTO worklog(row_id,rota_id,staff_id) VALUES
 (4201,2201,'3201')
,(4202,2201,'3202')
,(4203,2202,'3201')
,(4204,2203,'3201')
,(4205,2203,'3202')
,(4206,2204,'3201')
,(4207,2204,'3202')
,(4208,2205,'3201')
,(4209,2205,'3202')
,(4210,2206,'3201')
,(4211,2206,'3202')
,(4212,2207,'3201')
,(4213,2207,'3202');
SET IDENTITY_INSERT worklog OFF

-- purchase_vendors
SET IDENTITY_INSERT purchase_vendors ON
INSERT INTO purchase_vendors (purch_id, vendor_id, date) VALUES 
(4301,3301,'2023-05-22'),
(4302,3302,'2023-05-22'),
(4303,3302,'2023-05-26')
SET IDENTITY_INSERT purchase_vendors OFF

-- products
SET IDENTITY_INSERT products ON
INSERT INTO products(prod_id,ing_id,name,manu_id) VALUES
 (4401,1801,'The Dough Council Pizza Dough',3401)
,(4402,1802,'Classic Tomato Sauce',3402)
,(4403,1802,'Spicy Arrabbiata Sauce',3401)
,(4404,1803,'Creamy Mozzarella Blend',3401)
,(4405,1803,'Fresh Buffalo Mozzarella',3402)
,(4406,1804,'Classic Pepperoni Slices',3402)
,(4407,1804,'Spicy Pepperoni Topping',3402)
,(4408,1805,'Premium Beef Sausages',3401)
,(4409,1805,'Savory Sausage Crumbles',3402)
,(4410,1805,'Spicy Italian Sausage',3401)
,(4411,1806,'Crispy Bacon Bits',3401)
,(4412,1806,'Hickory-Smoked Bacon Strips',3402)
,(4413,1807,'Seasoned Curly Fries',3402)
,(4414,1807,'McCayn SuperFries',3401)
,(4415,1808,'Fine Sea Salt',3401)
,(4416,1808,'Pink Himalayan Salt',3401)
,(4417,1809,'Extra Virgin Olive Oil',3402)
,(4418,1810,'Coca Cola 600 ml',3401)
,(4419,1811,'Coca Cola 330 ml',3401);
SET IDENTITY_INSERT products OFF


-- LEVEL 5 TABLE

-- purchases
SET IDENTITY_INSERT purchases ON
INSERT INTO purchases(row_id,purch_id,prod_id,unit_price,quantity) VALUES
 (5101,4301,4401,11,55)
,(5102,4301,4403,10,11)
,(5103,4301,4404,22.5,17)
,(5104,4301,4408,12,3)
,(5105,4301,4410,17.8,3)
,(5106,4301,4411,29.5,4.25)
,(5107,4301,4414,5.6,25)
,(5108,4301,4415,4.5,2)
,(5109,4301,4416,5.5,2)
,(5110,4301,4418,45,3)
,(5111,4301,4419,34,3)
,(5112,4302,4402,3.4,7)
,(5113,4302,4405,56,10)
,(5114,4302,4406,32,5.5)
,(5115,4302,4407,25,6.5)
,(5116,4303,4405,56,8)
,(5117,4303,4409,12,3)
,(5118,4303,4412,28,4.75)
,(5119,4303,4413,5.2,20)
,(5120,4303,4417,14.3,7.5);
SET IDENTITY_INSERT purchases OFF